<Anims>
 <anim name="idle" root="charcoal_sand" numframes="50" framerate="40">
  <frame idx="0" w="145" h="180" x="-70.392197" y="-111.306541">
   <element name="charcoal_sand" layername="charcoal_sand" frame="0" z_index="1" m_a="0.300000" m_b="0.000000" m_c="0.000000" m_d="0.300000" m_tx="0.000000" m_ty="9.000000"/>
  </frame>
  <frame idx="25" w="145" h="180" x="-70.392197" y="-111.306541">
   <element name="charcoal_sand" layername="charcoal_sand" frame="0" z_index="1" m_a="0.300000" m_b="0.000000" m_c="0.000000" m_d="0.300000" m_tx="0.000000" m_ty="9.000000"/>
  </frame>
 </anim>
</Anims>
