<Anims>
 <anim name="idle" root="fruitful_orb" numframes="225" framerate="40">
  <frame idx="0" w="165" h="220" x="-40.667492" y="-48.592300">
   <element name="fruitful_orb" layername="fruitful_orb" frame="1" z_index="1" m_a="0.600000" m_b="0.000000" m_c="0.000000" m_d="0.600000" m_tx="0.499833" m_ty="0.788859"/>
   <element name="shadow" layername="shadow" frame="0" z_index="2" m_a="0.463995" m_b="0.000000" m_c="0.000000" m_d="1.000000" m_tx="-3.834713" m_ty="17.026577"/>
  </frame>
  <frame idx="25" w="165" h="220" x="-40.667492" y="-48.592300">
   <element name="fruitful_orb" layername="fruitful_orb" frame="1" z_index="1" m_a="0.600000" m_b="0.000000" m_c="0.000000" m_d="0.600000" m_tx="0.499833" m_ty="0.788859"/>
   <element name="shadow" layername="shadow" frame="0" z_index="2" m_a="0.463995" m_b="0.000000" m_c="0.000000" m_d="1.000000" m_tx="-3.834713" m_ty="17.026577"/>
  </frame>
  <frame idx="50" w="165" h="220" x="-40.667492" y="-48.592300">
   <element name="fruitful_orb" layername="fruitful_orb" frame="1" z_index="1" m_a="0.600000" m_b="0.000000" m_c="0.000000" m_d="0.600000" m_tx="0.499833" m_ty="0.788859"/>
   <element name="shadow" layername="shadow" frame="0" z_index="2" m_a="0.463995" m_b="0.000000" m_c="0.000000" m_d="1.000000" m_tx="-3.834713" m_ty="17.026577"/>
  </frame>
  <frame idx="75" w="165" h="220" x="-40.667492" y="-48.592300">
   <element name="fruitful_orb" layername="fruitful_orb" frame="1" z_index="1" m_a="0.600000" m_b="0.000000" m_c="0.000000" m_d="0.600000" m_tx="0.499833" m_ty="0.788859"/>
   <element name="shadow" layername="shadow" frame="0" z_index="2" m_a="0.463995" m_b="0.000000" m_c="0.000000" m_d="1.000000" m_tx="-3.834713" m_ty="17.026577"/>
  </frame>
  <frame idx="100" w="165" h="220" x="-40.667492" y="-48.592300">
   <element name="fruitful_orb" layername="fruitful_orb" frame="1" z_index="1" m_a="0.600000" m_b="0.000000" m_c="0.000000" m_d="0.600000" m_tx="0.499833" m_ty="0.788859"/>
   <element name="shadow" layername="shadow" frame="0" z_index="2" m_a="0.463995" m_b="0.000000" m_c="0.000000" m_d="1.000000" m_tx="-3.834713" m_ty="17.026577"/>
  </frame>
  <frame idx="125" w="165" h="220" x="-40.667492" y="-48.592300">
   <element name="fruitful_orb" layername="fruitful_orb" frame="1" z_index="1" m_a="0.600000" m_b="0.000000" m_c="0.000000" m_d="0.600000" m_tx="0.499833" m_ty="0.788859"/>
   <element name="shadow" layername="shadow" frame="0" z_index="2" m_a="0.463995" m_b="0.000000" m_c="0.000000" m_d="1.000000" m_tx="-3.834713" m_ty="17.026577"/>
  </frame>
  <frame idx="150" w="165" h="220" x="-40.667492" y="-48.592300">
   <element name="fruitful_orb" layername="fruitful_orb" frame="1" z_index="1" m_a="0.600000" m_b="0.000000" m_c="0.000000" m_d="0.600000" m_tx="0.499833" m_ty="0.788859"/>
   <element name="shadow" layername="shadow" frame="0" z_index="2" m_a="0.463995" m_b="0.000000" m_c="0.000000" m_d="1.000000" m_tx="-3.834713" m_ty="17.026577"/>
  </frame>
  <frame idx="175" w="165" h="220" x="-40.667492" y="-48.592300">
   <element name="fruitful_orb" layername="fruitful_orb" frame="1" z_index="1" m_a="0.600000" m_b="0.000000" m_c="0.000000" m_d="0.600000" m_tx="0.499833" m_ty="0.788859"/>
   <element name="shadow" layername="shadow" frame="0" z_index="2" m_a="0.463995" m_b="0.000000" m_c="0.000000" m_d="1.000000" m_tx="-3.834713" m_ty="17.026577"/>
  </frame>
  <frame idx="200" w="165" h="220" x="-40.667492" y="-48.592300">
   <element name="fruitful_orb" layername="fruitful_orb" frame="1" z_index="1" m_a="0.600000" m_b="0.000000" m_c="0.000000" m_d="0.600000" m_tx="0.499833" m_ty="0.788859"/>
   <element name="shadow" layername="shadow" frame="0" z_index="2" m_a="0.463995" m_b="0.000000" m_c="0.000000" m_d="1.000000" m_tx="-3.834713" m_ty="17.026577"/>
  </frame>
 </anim>
</Anims>
