<Anims>
 <anim name="idle" root="fruitful_orb" numframes="225" framerate="40">
  <frame idx="0" w="165" h="220" x="-40.667492" y="-48.592300">
   <element name="fruitful_orb" layername="fruitful_orb" frame="0" z_index="1" m_a="0.600000" m_b="0.000000" m_c="0.000000" m_d="0.600000" m_tx="0.499833" m_ty="0.788859"/>
   <element name="shadow" layername="shadow" frame="0" z_index="2" m_a="0.463995" m_b="0.000000" m_c="0.000000" m_d="1.000000" m_tx="-3.834713" m_ty="17.026577"/>
  </frame>
  <frame idx="25" w="169" h="223" x="-37.780937" y="-48.867439">
   <element name="fruitful_orb" layername="fruitful_orb" frame="0" z_index="1" m_a="0.642735" m_b="0.000000" m_c="0.000000" m_d="0.642735" m_tx="0.369359" m_ty="0.005507"/>
   <element name="shadow" layername="shadow" frame="0" z_index="2" m_a="0.502711" m_b="0.000000" m_c="0.000000" m_d="1.000000" m_tx="-3.914048" m_ty="17.259657"/>
  </frame>
  <frame idx="50" w="172" h="224" x="-34.894394" y="-49.142570">
   <element name="fruitful_orb" layername="fruitful_orb" frame="0" z_index="1" m_a="0.685470" m_b="0.000000" m_c="0.000000" m_d="0.685470" m_tx="0.238886" m_ty="-0.777846"/>
   <element name="shadow" layername="shadow" frame="0" z_index="2" m_a="0.541427" m_b="0.000000" m_c="0.000000" m_d="1.000000" m_tx="-3.993383" m_ty="17.492737"/>
  </frame>
  <frame idx="75" w="175" h="225" x="-32.007839" y="-49.417709">
   <element name="fruitful_orb" layername="fruitful_orb" frame="0" z_index="1" m_a="0.728205" m_b="0.000000" m_c="0.000000" m_d="0.728205" m_tx="0.108412" m_ty="-1.561198"/>
   <element name="shadow" layername="shadow" frame="0" z_index="2" m_a="0.580143" m_b="0.000000" m_c="0.000000" m_d="1.000000" m_tx="-4.072718" m_ty="17.725817"/>
  </frame>
  <frame idx="100" w="179" h="226" x="-29.121292" y="-49.692848">
   <element name="fruitful_orb" layername="fruitful_orb" frame="0" z_index="1" m_a="0.770940" m_b="0.000000" m_c="0.000000" m_d="0.770940" m_tx="-0.022061" m_ty="-2.344551"/>
   <element name="shadow" layername="shadow" frame="0" z_index="2" m_a="0.618859" m_b="0.000000" m_c="0.000000" m_d="1.000000" m_tx="-4.152052" m_ty="17.958895"/>
  </frame>
  <frame idx="125" w="182" h="228" x="-26.234741" y="-49.967987">
   <element name="fruitful_orb" layername="fruitful_orb" frame="0" z_index="1" m_a="0.813675" m_b="0.000000" m_c="0.000000" m_d="0.813675" m_tx="-0.152535" m_ty="-3.127903"/>
   <element name="shadow" layername="shadow" frame="0" z_index="2" m_a="0.657575" m_b="0.000000" m_c="0.000000" m_d="1.000000" m_tx="-4.231387" m_ty="18.191975"/>
  </frame>
  <frame idx="150" w="185" h="229" x="-23.348198" y="-50.243118">
   <element name="fruitful_orb" layername="fruitful_orb" frame="0" z_index="1" m_a="0.856410" m_b="0.000000" m_c="0.000000" m_d="0.856410" m_tx="-0.283009" m_ty="-3.911256"/>
   <element name="shadow" layername="shadow" frame="0" z_index="2" m_a="0.696291" m_b="0.000000" m_c="0.000000" m_d="1.000000" m_tx="-4.310722" m_ty="18.425055"/>
  </frame>
  <frame idx="175" w="189" h="230" x="-20.461655" y="-50.518265">
   <element name="fruitful_orb" layername="fruitful_orb" frame="0" z_index="1" m_a="0.899145" m_b="0.000000" m_c="0.000000" m_d="0.899145" m_tx="-0.413482" m_ty="-4.694608"/>
   <element name="shadow" layername="shadow" frame="0" z_index="2" m_a="0.735006" m_b="0.000000" m_c="0.000000" m_d="1.000000" m_tx="-4.390057" m_ty="18.658134"/>
  </frame>
  <frame idx="200" w="192" h="233" x="-17.575096" y="-50.793396">
   <element name="fruitful_orb" layername="fruitful_orb" frame="0" z_index="1" m_a="0.941880" m_b="0.000000" m_c="0.000000" m_d="0.941880" m_tx="-0.543956" m_ty="-5.477961"/>
   <element name="shadow" layername="shadow" frame="0" z_index="2" m_a="0.773722" m_b="0.000000" m_c="0.000000" m_d="1.000000" m_tx="-4.469392" m_ty="18.891214"/>
  </frame>
 </anim>
</Anims>
