<Anims>
 <anim name="idle" root="artifact_prushka" numframes="50" framerate="40">
  <frame idx="0" w="315" h="127" x="24.868210" y="-4.947468">
   <element name="artifact_prushka" layername="artifact_prushka" frame="0" z_index="1" m_a="1.000000" m_b="0.000000" m_c="0.000000" m_d="1.000000" m_tx="37.549999" m_ty="4.950000"/>
  </frame>
  <frame idx="25" w="315" h="127" x="24.868210" y="-4.947468">
   <element name="artifact_prushka" layername="artifact_prushka" frame="0" z_index="1" m_a="1.000000" m_b="0.000000" m_c="0.000000" m_d="1.000000" m_tx="37.549999" m_ty="4.950000"/>
  </frame>
 </anim>
</Anims>
