<Anims>
 <anim name="idle" root="artifact_prushka" numframes="50" framerate="40">
  <frame idx="0" w="271" h="93" x="-90.181793" y="-28.447468">
   <element name="artifact_prushka" layername="artifact_prushka" frame="0" z_index="1" m_a="0.500000" m_b="0.000000" m_c="0.000000" m_d="0.500000" m_tx="0.000000" m_ty="8.950000"/>
  </frame>
  <frame idx="25" w="303" h="118" x="-5.586212" y="-11.168056">
   <element name="artifact_prushka" layername="artifact_prushka" frame="0" z_index="1" m_a="0.867647" m_b="0.000000" m_c="0.000000" m_d="0.867647" m_tx="27.610292" m_ty="6.008823"/>
  </frame>
 </anim>
</Anims>
