<Anims>
 <anim name="idle" root="scaled_umbrella" numframes="100" framerate="40">
  <frame idx="0" w="244" h="1504" x="-49.086975" y="-448.656464">
   <element name="swap_scaled_umbrella" layername="swap_scaled_umbrella" frame="0" z_index="2" m_a="-1.000000" m_b="0.000000" m_c="-0.000000" m_d="-1.000000" m_tx="1.800000" m_ty="-277.903992"/>
   <element name="grass" layername="grass" frame="0" z_index="1" m_a="1.000000" m_b="0.000000" m_c="0.000000" m_d="1.000000" m_tx="1.826087" m_ty="-2.888889"/>
  </frame>
  <frame idx="25" w="244" h="1504" x="-49.086975" y="-448.656464">
   <element name="swap_scaled_umbrella" layername="swap_scaled_umbrella" frame="0" z_index="2" m_a="-1.000000" m_b="0.000000" m_c="-0.000000" m_d="-1.000000" m_tx="1.800000" m_ty="-277.903992"/>
   <element name="grass" layername="grass" frame="0" z_index="1" m_a="1.000000" m_b="0.000000" m_c="0.000000" m_d="1.000000" m_tx="1.826087" m_ty="-2.888889"/>
  </frame>
  <frame idx="50" w="244" h="1504" x="-49.086975" y="-448.656464">
   <element name="swap_scaled_umbrella" layername="swap_scaled_umbrella" frame="0" z_index="2" m_a="-1.000000" m_b="0.000000" m_c="-0.000000" m_d="-1.000000" m_tx="1.800000" m_ty="-277.903992"/>
   <element name="grass" layername="grass" frame="0" z_index="1" m_a="1.000000" m_b="0.000000" m_c="0.000000" m_d="1.000000" m_tx="1.826087" m_ty="-2.888889"/>
  </frame>
  <frame idx="75" w="244" h="1504" x="-49.086975" y="-448.656464">
   <element name="swap_scaled_umbrella" layername="swap_scaled_umbrella" frame="0" z_index="2" m_a="-1.000000" m_b="0.000000" m_c="-0.000000" m_d="-1.000000" m_tx="1.800000" m_ty="-277.903992"/>
   <element name="grass" layername="grass" frame="0" z_index="1" m_a="1.000000" m_b="0.000000" m_c="0.000000" m_d="1.000000" m_tx="1.826087" m_ty="-2.888889"/>
  </frame>
 </anim>
</Anims>
