<Anims>
 <anim name="idle" root="longetivity_drink" numframes="225" framerate="40">
  <frame idx="0" w="174" h="393" x="-23.929649" y="-102.526855">
   <element name="longetivity_drink" layername="longetivity_drink" frame="0" z_index="1" m_a="0.600000" m_b="0.000000" m_c="0.000000" m_d="0.600000" m_tx="0.728388" m_ty="4.297677"/>
   <element name="shadow" layername="shadow" frame="0" z_index="2" m_a="0.624799" m_b="0.000000" m_c="0.000000" m_d="1.000000" m_tx="0.412391" m_ty="14.648631"/>
  </frame>
  <frame idx="25" w="174" h="393" x="-23.929649" y="-102.526855">
   <element name="longetivity_drink" layername="longetivity_drink" frame="0" z_index="1" m_a="0.600000" m_b="0.000000" m_c="0.000000" m_d="0.600000" m_tx="0.728388" m_ty="4.297677"/>
   <element name="shadow" layername="shadow" frame="0" z_index="2" m_a="0.624799" m_b="0.000000" m_c="0.000000" m_d="1.000000" m_tx="0.412391" m_ty="14.648631"/>
  </frame>
  <frame idx="50" w="174" h="393" x="-23.929649" y="-102.526855">
   <element name="longetivity_drink" layername="longetivity_drink" frame="0" z_index="1" m_a="0.600000" m_b="0.000000" m_c="0.000000" m_d="0.600000" m_tx="0.728388" m_ty="4.297677"/>
   <element name="shadow" layername="shadow" frame="0" z_index="2" m_a="0.624799" m_b="0.000000" m_c="0.000000" m_d="1.000000" m_tx="0.412391" m_ty="14.648631"/>
  </frame>
  <frame idx="75" w="174" h="393" x="-23.929649" y="-102.526855">
   <element name="longetivity_drink" layername="longetivity_drink" frame="0" z_index="1" m_a="0.600000" m_b="0.000000" m_c="0.000000" m_d="0.600000" m_tx="0.728388" m_ty="4.297677"/>
   <element name="shadow" layername="shadow" frame="0" z_index="2" m_a="0.624799" m_b="0.000000" m_c="0.000000" m_d="1.000000" m_tx="0.412391" m_ty="14.648631"/>
  </frame>
  <frame idx="100" w="174" h="393" x="-23.929649" y="-102.526855">
   <element name="longetivity_drink" layername="longetivity_drink" frame="0" z_index="1" m_a="0.600000" m_b="0.000000" m_c="0.000000" m_d="0.600000" m_tx="0.728388" m_ty="4.297677"/>
   <element name="shadow" layername="shadow" frame="0" z_index="2" m_a="0.624799" m_b="0.000000" m_c="0.000000" m_d="1.000000" m_tx="0.412391" m_ty="14.648631"/>
  </frame>
  <frame idx="125" w="174" h="393" x="-23.929649" y="-102.526855">
   <element name="longetivity_drink" layername="longetivity_drink" frame="0" z_index="1" m_a="0.600000" m_b="0.000000" m_c="0.000000" m_d="0.600000" m_tx="0.728388" m_ty="4.297677"/>
   <element name="shadow" layername="shadow" frame="0" z_index="2" m_a="0.624799" m_b="0.000000" m_c="0.000000" m_d="1.000000" m_tx="0.412391" m_ty="14.648631"/>
  </frame>
  <frame idx="150" w="174" h="393" x="-23.929649" y="-102.526855">
   <element name="longetivity_drink" layername="longetivity_drink" frame="0" z_index="1" m_a="0.600000" m_b="0.000000" m_c="0.000000" m_d="0.600000" m_tx="0.728388" m_ty="4.297677"/>
   <element name="shadow" layername="shadow" frame="0" z_index="2" m_a="0.624799" m_b="0.000000" m_c="0.000000" m_d="1.000000" m_tx="0.412391" m_ty="14.648631"/>
  </frame>
  <frame idx="175" w="174" h="393" x="-23.929649" y="-102.526855">
   <element name="longetivity_drink" layername="longetivity_drink" frame="0" z_index="1" m_a="0.600000" m_b="0.000000" m_c="0.000000" m_d="0.600000" m_tx="0.728388" m_ty="4.297677"/>
   <element name="shadow" layername="shadow" frame="0" z_index="2" m_a="0.624799" m_b="0.000000" m_c="0.000000" m_d="1.000000" m_tx="0.412391" m_ty="14.648631"/>
  </frame>
  <frame idx="200" w="174" h="393" x="-23.929649" y="-102.526855">
   <element name="longetivity_drink" layername="longetivity_drink" frame="0" z_index="1" m_a="0.600000" m_b="0.000000" m_c="0.000000" m_d="0.600000" m_tx="0.728388" m_ty="4.297677"/>
   <element name="shadow" layername="shadow" frame="0" z_index="2" m_a="0.624799" m_b="0.000000" m_c="0.000000" m_d="1.000000" m_tx="0.412391" m_ty="14.648631"/>
  </frame>
 </anim>
</Anims>
